Flight,Capacity,Date,Passenger Name,Passport Number
A1,136,31/3/2024,Katherine Parker,EB5535547
A1,136,31/3/2024,Gina Johnson,FE9420525
A1,136,31/3/2024,Shane Huff,AV2472471
A1,136,31/3/2024,Stephanie Willis,YH3146276
A1,136,31/3/2024,Victoria Jones,GJ2388461
A1,136,31/3/2024,Charles Harrington,EN9455796
A1,136,31/3/2024,Emily Rogers,CC9074940
A1,136,31/3/2024,Robert Wong,KI5940611
A1,136,31/3/2024,Raymond Kelley,GY9352844
A1,136,31/3/2024,Sara Davis,HW1184761
A1,136,31/3/2024,Joseph Casey,KZ7868320
A1,136,31/3/2024,Luke Gordon,UM2079654
A1,136,31/3/2024,Paul Schroeder,GW2459128
A1,136,31/3/2024,Aaron Blake,PT6486842
A1,136,31/3/2024,Samantha Ochoa,UN4187571
A1,136,31/3/2024,Amy Garcia,YS9016607
A1,136,31/3/2024,Debra Jones,EF1525439
A1,136,31/3/2024,Amber Tucker,HS8133723
A1,136,31/3/2024,Daniel Hall,LI8404513
A1,136,31/3/2024,Keith Delgado II,HD9625098
A1,136,31/3/2024,Marvin Russell,PM6848960
A1,136,31/3/2024,Elizabeth Sutton,TD6774014
A1,136,31/3/2024,Hannah Young,GC3043745
A1,136,31/3/2024,Thomas Anderson,CS3757110
A1,136,31/3/2024,Karen Wood,UO6767591
A1,136,31/3/2024,Holly Smith,KG9441225
A1,136,31/3/2024,James Morris,ZN9058753
A1,136,31/3/2024,Richard Morrow,RN9775835
A1,136,31/3/2024,Joseph Castillo,ZH3986688
A1,136,31/3/2024,Patrick Gonzalez,KJ6804835
A1,136,31/3/2024,Richard King,OF2199327
A1,136,31/3/2024,Travis Pennington,RD1180944
A1,136,31/3/2024,Calvin Farrell,ZO4358570
A1,136,31/3/2024,Rhonda Bennett,RF6039538
A1,136,31/3/2024,Zachary Cortez,VH5509379
A1,136,31/3/2024,Theresa Anderson,DS8385774
A1,136,31/3/2024,Wayne Martinez,TN9187406
A1,136,31/3/2024,Paula Mitchell,ZF3465500
A1,136,31/3/2024,Beth Figueroa,YV2677586
A1,136,31/3/2024,Julia Tran,HZ3915037
A1,136,31/3/2024,Joe Holmes,UI1747663
A1,136,31/3/2024,Ronald Matthews,RL9088188
A1,136,31/3/2024,Holly Cruz,CW1566027
A1,136,31/3/2024,Raymond Martin,FL5652773
A1,136,31/3/2024,Lauren Singh,QZ9095459
A1,136,31/3/2024,Matthew Vasquez,RK9318670
A1,136,31/3/2024,Rebecca Morse,HQ5311111
A1,136,31/3/2024,Christopher Rodriguez,XW8804573
A1,136,31/3/2024,John Hall,QA5807947
A1,136,31/3/2024,Eileen Hernandez,VQ2276516
A1,136,31/3/2024,Jose Morrow,FC1479003
A1,136,31/3/2024,Matthew Harding,UW5009047
A1,136,31/3/2024,Kimberly Graves,IK9813110
A1,136,31/3/2024,Pamela Bennett,ZQ4869291
A1,136,31/3/2024,Eric Price,AW3402290
A1,136,31/3/2024,Daniel Bell,GX5687868
A1,136,31/3/2024,Chris Barker,WR6693426
A1,136,31/3/2024,Brent Simpson,ST4277420
A1,136,31/3/2024,Jenna Martin,HE3750001
A1,136,31/3/2024,Marc Reid,GT7517879
A1,136,31/3/2024,Regina Ramirez,WW7934392
A1,136,31/3/2024,Alexander Brooks,ET6333184
A1,136,31/3/2024,Stacy Malone,AI4836715
A1,136,31/3/2024,Jason Gomez,IT5329769
A1,136,31/3/2024,Peter Horton,LG1653482
A1,136,31/3/2024,Donna Hill,XX7138132
A1,136,31/3/2024,Kevin Goodman,YS9415402
A1,136,31/3/2024,Katherine Brown,JU8534481
A1,136,31/3/2024,Brandon Boyd,FH3201088
A1,136,31/3/2024,Kathy Smith,XW4250659
A1,136,31/3/2024,Nicole Newton,XK2713897
A1,136,31/3/2024,Terry Griffith,UI6478704
A1,136,31/3/2024,Daniel French,NM9466728
A1,136,31/3/2024,Spencer Watson,JV4601371
A1,136,31/3/2024,Bethany Cole,QG1589130
A1,136,31/3/2024,Jermaine Foley,GZ2425123
A1,136,31/3/2024,Veronica Hawkins,AT9990017
A1,136,31/3/2024,John Walsh,NP6972446
A1,136,31/3/2024,Chad Bell,ZU7472401
A1,136,31/3/2024,Mark Cox,GN1312187
A1,136,31/3/2024,Ryan Hampton,VU7309457
A1,136,31/3/2024,Brian Moore,ZL3416286
A1,136,31/3/2024,Catherine Wilson,ES6604749
A1,136,31/3/2024,Joseph Nelson,CO5626708
A1,136,31/3/2024,Dawn Silva,JE4061787
A1,136,31/3/2024,Abigail Nelson,YG5778715
A1,136,31/3/2024,Wesley Hoffman,LR6498551
A1,136,31/3/2024,Peggy Mccoy,BX1511778
A1,136,31/3/2024,Sierra Morris,"RM6,897,907"
A1,136,31/3/2024,Craig Martin,GY7969114
A1,136,31/3/2024,Sherry Best,YS7038927
A1,136,31/3/2024,Maria Rogers,BU4474180
A1,136,31/3/2024,Kathleen Fitzgerald,GE5110116
A1,136,31/3/2024,Kimberly Cruz,LF5673654
A1,136,31/3/2024,Sarah Velez,ZN4323088
A1,136,31/3/2024,Regina Hudson,PT8084362
A1,136,31/3/2024,Richard Nelson,ML5822217
A1,136,31/3/2024,Erica Gutierrez,DM1036380
A1,136,31/3/2024,Nicole Garcia,ZO3261139
A1,136,31/3/2024,Alex Brown,VL2673764
A1,136,31/3/2024,David Cervantes,KB2835515
A1,136,31/3/2024,Ms. Shannon Davis,GO4365212
A1,136,31/3/2024,Robert Morales,ZY4593770
A1,136,31/3/2024,Toni Peterson,RG6449925
A1,136,31/3/2024,Sarah Gomez,JK1624122
A1,136,31/3/2024,Aaron Washington,CB7049548
A1,136,31/3/2024,Alexis Ross Jr.,PG8968148
A1,136,31/3/2024,Tammy Shields,TZ8630437
A1,136,31/3/2024,Kim Miller,YZ7823688
A1,136,31/3/2024,Kelsey Green,OQ2754024
A1,136,31/3/2024,Richard Clements,NN7905613
A1,136,31/3/2024,Laura Hernandez,IS4455951
A1,136,31/3/2024,Melissa Sullivan,PH2931277
A1,136,31/3/2024,Jennifer White,BP6092565
A1,136,31/3/2024,Haley Nguyen,PM9766956
A1,136,31/3/2024,Nicole Harris,UM5703348
A1,136,31/3/2024,Stephen Griffin,DM9030290
A1,136,31/3/2024,Jose Torres,RR8762397
A1,136,31/3/2024,Courtney Hanson,MI3550575
A1,136,31/3/2024,Jerry Parker,PO3134997
A1,136,31/3/2024,Robert Harrison,PO9274168
A1,136,31/3/2024,Regina Johnson,VN2220570
A1,136,31/3/2024,Thomas Gill,RW7156591
A1,136,31/3/2024,Kim Garcia,QN5713903
A1,136,31/3/2024,Bobby Marshall,KZ2372914
A1,136,31/3/2024,Penny Guerrero DDS,OB5581009
A1,136,31/3/2024,Charles Garcia,BO9432087
A1,136,31/3/2024,Betty Jones,TB6759474
A2,243,24/11/2024,Robert Richardson,GS3370522
A2,243,24/11/2024,Donald Crawford,KX6094661
A2,243,24/11/2024,Henry Smith,XX8649493
A2,243,24/11/2024,Patrick Stanley,OC7029660
A2,243,24/11/2024,Laurie Gibson,TQ3909484
A2,243,24/11/2024,Kevin Krueger,ZG7314576
A2,243,24/11/2024,Nicholas Hanson,AY3608025
A2,243,24/11/2024,John Levine,ZZ1045097
A2,243,24/11/2024,Chad Gonzalez,WX6896954
A2,243,24/11/2024,Donna Miles,JZ4556263
A2,243,24/11/2024,Paul Barnett,JM1940548
A2,243,24/11/2024,Gregory Nash,UO2171786
A2,243,24/11/2024,Christina Turner,AL3622535
A2,243,24/11/2024,Sarah Moreno,RS5358130
A2,243,24/11/2024,Mark Hatfield,BL5111126
A2,243,24/11/2024,Jason Rasmussen,LH9496402
A2,243,24/11/2024,Ashley Frost,BP6430117
A2,243,24/11/2024,Brenda Mathews,XW1481896
A2,243,24/11/2024,Victoria Guzman,FZ2669035
A2,243,24/11/2024,Fred Griffin,DR6122921
A2,243,24/11/2024,Ethan Ellis,IV8790041
A2,243,24/11/2024,Angela Vasquez,SC1573840
A2,243,24/11/2024,Amanda Hodges,HY7713222
A2,243,24/11/2024,Crystal Peters,QT2545653
A2,243,24/11/2024,Justin Taylor,XC5559282
A2,243,24/11/2024,Rebekah Sutton,EI8629889
A2,243,24/11/2024,Cynthia Montoya,AD7308461
A2,243,24/11/2024,Stephanie Pearson,RL4803314
A2,243,24/11/2024,Michael Cook,QI1014082
A2,243,24/11/2024,Heather Munoz,PN1166338
A2,243,24/11/2024,Lisa Herrera,HQ9243818
A2,243,24/11/2024,Dana Brown,NJ3142373
A2,243,24/11/2024,Dr. Melissa Owens MD,PU4759374
A2,243,24/11/2024,Jeffrey Francis,YU4771779
A2,243,24/11/2024,Aaron Ross,HV7341837
A2,243,24/11/2024,Carlos Smith,BW9215521
A2,243,24/11/2024,Joann Chen,JT2994784
A2,243,24/11/2024,Tracy Henson,MS1973042
A2,243,24/11/2024,Nathan Hines,SE8061381
A2,243,24/11/2024,Shawn Yu,SB3134410
A2,243,24/11/2024,Christopher Small,LD6004504
A2,243,24/11/2024,Natalie Blanchard,LG8177877
A2,243,24/11/2024,David Freeman,JS1655145
A2,243,24/11/2024,Sarah Weaver,EX2076156
A2,243,24/11/2024,William Hopkins,TX3484428
A2,243,24/11/2024,Curtis Webb,OY4381548
A2,243,24/11/2024,Dan Miles,AH2692911
A2,243,24/11/2024,Jenna Lawson,IV3449762
A2,243,24/11/2024,Laura Thompson,GO4863892
A2,243,24/11/2024,Sean Adkins,RB7048029
A2,243,24/11/2024,Chad Mayo,JR8122509
A2,243,24/11/2024,Megan Morales,PJ5317826
A2,243,24/11/2024,Dean Moore,HT7725351
A2,243,24/11/2024,Bonnie Castillo,GW8369336
A2,243,24/11/2024,Jennifer Frank,TW3600132
A2,243,24/11/2024,Mary Dunn,SH3732105
A2,243,24/11/2024,Karen Valencia,ZR1481107
A2,243,24/11/2024,Tina Robinson,HQ8865148
A2,243,24/11/2024,Michael King,PS3043609
A2,243,24/11/2024,Alexandra Young,RJ3302354
A2,243,24/11/2024,Charlene Ross,MR5329155
A2,243,24/11/2024,John Johnson,AZ9984987
A2,243,24/11/2024,Barbara Ramirez,AK9519502
A2,243,24/11/2024,Victoria Smith,VK7767705
A2,243,24/11/2024,Parker Wells,WA5034841
A2,243,24/11/2024,Alexandra Morris,EP4203279
A2,243,24/11/2024,Kari Miller,NO1506624
A2,243,24/11/2024,Thomas King,RX8334865
A2,243,24/11/2024,Paul Green,GV2735004
A2,243,24/11/2024,Kyle Smith,OZ5882083
A2,243,24/11/2024,Kyle Lopez,CB8091304
A2,243,24/11/2024,Samuel Rose,AX9242097
A2,243,24/11/2024,Paul Browning,BO2277504
A2,243,24/11/2024,Evan Mitchell,OU5491652
A2,243,24/11/2024,Noah Bell,IE1775237
A2,243,24/11/2024,Frank Glass,NM7562476
A2,243,24/11/2024,Brandon Smith,AQ6854201
A2,243,24/11/2024,Jose Kelly,HH4024978
A2,243,24/11/2024,Kimberly Barr,SO6727096
A2,243,24/11/2024,Robert Daugherty,XZ9872498
A2,243,24/11/2024,Chad Mcmillan,AR9933780
A2,243,24/11/2024,Misty Myers,DU3374374
A2,243,24/11/2024,Rebecca Moody,GW7959855
A2,243,24/11/2024,Adam Schmitt,HG8258704
A2,243,24/11/2024,Ashley Ayala,EY6688062
A2,243,24/11/2024,Kayla Koch,TJ2299798
A2,243,24/11/2024,Michelle Olson DVM,KI3473149
A2,243,24/11/2024,Nathaniel Santiago,DD8406897
A2,243,24/11/2024,Samantha Martin,AY1741561
A2,243,24/11/2024,Nancy Sanders,WF1257347
A2,243,24/11/2024,Kristin Austin,SF8094212
A2,243,24/11/2024,Leslie Cross,GJ4346053
A2,243,24/11/2024,Larry Barr,YJ4962451
A2,243,24/11/2024,John Mills,DA6035351
A2,243,24/11/2024,Robert Roberts,CD3589758
A2,243,24/11/2024,April Zavala,MQ5922843
A2,243,24/11/2024,Sophia Reyes,MP9399401
A2,243,24/11/2024,Andrew Cooper II,FH5011372
A2,243,24/11/2024,Dillon Reeves,KK3357663
A2,243,24/11/2024,Stephanie Wright,EQ9204084
A2,243,24/11/2024,Rhonda Finley,ZN1393829
A2,243,24/11/2024,Allen Ward,TB9226677
A2,243,24/11/2024,Alexandra Rivera PhD,OO4918609
A2,243,24/11/2024,Donald Martinez,CE8668595
A2,243,24/11/2024,Emily Ferguson,DS4429393
A2,243,24/11/2024,Brianna Lawson,OT5928933
A2,243,24/11/2024,Crystal Smith,UU9285145
A2,243,24/11/2024,Jamie Martin,FS2780767
A2,243,24/11/2024,Donald Murphy,HD5920651
A2,243,24/11/2024,Kenneth Sutton,LQ4459516
A2,243,24/11/2024,Richard Ward,QG1534592
A2,243,24/11/2024,Glenn Price,KF6654013
A2,243,24/11/2024,Crystal Mitchell,CH5724254
A2,243,24/11/2024,Caitlyn Rice,CH2447574
A2,243,24/11/2024,Samuel Ramos,OT8750082
A2,243,24/11/2024,Kristopher Mitchell,YY3582944
A2,243,24/11/2024,Hunter Johnson,MM9267241
A2,243,24/11/2024,Kenneth Tanner,AH1808978
A2,243,24/11/2024,Candace Blankenship,XB3804504
A2,243,24/11/2024,Megan Vaughn,VP2484611
A2,243,24/11/2024,Richard Cook,OD3297125
A2,243,24/11/2024,Aaron Soto,FT8982991
A2,243,24/11/2024,John Lee,QG5150936
A2,243,24/11/2024,Frank Smith,JK6783496
A2,243,24/11/2024,Marcus Hudson,QT8746820
A2,243,24/11/2024,William Smith,HP1314842
A2,243,24/11/2024,Amanda Holden,SP2683959
A2,243,24/11/2024,Jake Chaney,FC1122029
A2,243,24/11/2024,Wayne Mcdonald,NV5190242
A2,243,24/11/2024,Randall Patel,MV9235023
A2,243,24/11/2024,Jordan Owen,IO7630507
A2,243,24/11/2024,Mary Hansen,QP3999410
A2,243,24/11/2024,Jessica Sanchez,KZ2359414
A2,243,24/11/2024,Angie Gillespie,AB9267905
A2,243,24/11/2024,Kathleen Garrett,MK4065780
A2,243,24/11/2024,Erin Sweeney,SV8084050
A2,243,24/11/2024,Dan Sandoval,BY6270830
A2,243,24/11/2024,Amanda Strickland,VS9241591
A2,243,24/11/2024,Marcus Moreno,YQ4833411
A2,243,24/11/2024,Charles Jordan,IY9619365
A2,243,24/11/2024,Michael Velazquez,EO5545753
A2,243,24/11/2024,Mr. Nathan Smith,FR4913309
A2,243,24/11/2024,Heather Hernandez,FW1966829
A2,243,24/11/2024,Christopher Murphy,RW6440378
A2,243,24/11/2024,Adam Maddox,DN8054970
A2,243,24/11/2024,John Mcintyre,XL9828820
A2,243,24/11/2024,David Thornton,PZ1328498
A2,243,24/11/2024,Amanda Guzman,WX8943202
A2,243,24/11/2024,Christy Barnes,KF6358344
A2,243,24/11/2024,Paul Diaz,XR1875577
A2,243,24/11/2024,Terry Haley,IP6318872
A2,243,24/11/2024,Terri Sutton,IT9837101
A2,243,24/11/2024,James Turner,EI3156264
A2,243,24/11/2024,Michael Adkins,OL9597446
A2,243,24/11/2024,Alison Erickson,RQ8989641
A2,243,24/11/2024,Tony Friedman,JP3452766
A2,243,24/11/2024,Gabriela Daniels,ZG9016009
A2,243,24/11/2024,Amber Cox,LC1541109
A2,243,24/11/2024,Desiree Mcdonald,TM8704484
A2,243,24/11/2024,Felicia Barnes,ZS4742030
A2,243,24/11/2024,Denise Grant,VF5610027
A2,243,24/11/2024,Brenda Cardenas,OY8407529
A2,243,24/11/2024,Melissa Webb,ER5589303
A2,243,24/11/2024,Katherine Patel,ZN9035493
A2,243,24/11/2024,Robert Horne,EU9875679
A2,243,24/11/2024,Mary Perkins,JI8051279
A2,243,24/11/2024,David Baker,KC1157775
A2,243,24/11/2024,Timothy Richardson,QM6122804
A2,243,24/11/2024,Katrina Cox,IH8420608
A2,243,24/11/2024,Omar Rodriguez,BG8400097
A2,243,24/11/2024,Elizabeth Avery,ND3946696
A2,243,24/11/2024,Erin Murphy,KA4320188
A2,243,24/11/2024,Matthew Maldonado,GS1796761
A2,243,24/11/2024,Nancy Farrell,CB6331959
A2,243,24/11/2024,Alicia Bautista,HO2308417
A2,243,24/11/2024,Phillip Adams,LO9279214
A2,243,24/11/2024,Matthew Moore,TE1815300
A2,243,24/11/2024,Kimberly Dunn,CH1182155
A2,243,24/11/2024,Erika Robertson,RI2064397
A2,243,24/11/2024,Paul Simpson,FY1237677
A2,243,24/11/2024,Bernard Ruiz,AJ3655974
A2,243,24/11/2024,Victoria Le,DX3432242
A2,243,24/11/2024,Gregory Benson,OA4437547
A2,243,24/11/2024,Marvin Bautista,ZX9192731
A2,243,24/11/2024,Dr. Tara Bradley,YN7846262
A2,243,24/11/2024,Karen Oconnell,WJ4387319
A2,243,24/11/2024,Michael Smith,CF6842238
A2,243,24/11/2024,David Daniels,XI1740143
A2,243,24/11/2024,Cindy Gilmore,WT5736919
A2,243,24/11/2024,Brandon Kim,UE1627943
A2,243,24/11/2024,Deanna Hunter,SB2613942
A2,243,24/11/2024,Kristine Sherman,LD6482375
A2,243,24/11/2024,Carl Grant,SW1523338
A2,243,24/11/2024,Adam Arroyo,WK5527228
A2,243,24/11/2024,Christopher Black,SA2712314
A2,243,24/11/2024,Mark Castillo,SD1885879
A2,243,24/11/2024,Nancy Gilmore,LN4537130
A2,243,24/11/2024,Matthew Kim,IV9396120
A2,243,24/11/2024,Jeffrey Lucas,EH2389035
A2,243,24/11/2024,Anthony Robinson,AQ9552744
A2,243,24/11/2024,Michael Hill,DW7629108
A2,243,24/11/2024,Cheryl Ray,OQ6411247
A2,243,24/11/2024,Richard Crawford PhD,YX1752028
A2,243,24/11/2024,James Thompson,ZL5382124
A2,243,24/11/2024,Austin Rodriguez,MM6266760
A2,243,24/11/2024,William Miller,NA6767359
A2,243,24/11/2024,James Hughes,XD7456693
A2,243,24/11/2024,Melissa Hernandez,ZA5490134
A2,243,24/11/2024,Lisa Gibson,WL7532394
A2,243,24/11/2024,Gregory Brown,KF3893324
A2,243,24/11/2024,Kenneth Fox,DK9128107
A2,243,24/11/2024,Melanie Walter,WY9906666
A3,254,10/8/2024,Ryan Baker,BT8973994
A3,254,10/8/2024,Richard Donaldson,QK4444608
A3,254,10/8/2024,Kendra Anthony MD,BQ4069962
A3,254,10/8/2024,Samantha May,MP5595689
A3,254,10/8/2024,Jessica Anderson,VD4732807
A3,254,10/8/2024,Alan Lee,PN3669902
A3,254,10/8/2024,Rachel Burnett,HE8882254
A3,254,10/8/2024,Mariah Hill,YM4149662
A3,254,10/8/2024,Megan Wheeler,IH3116837
A3,254,10/8/2024,Harry Herrera,VG6250500
A3,254,10/8/2024,Regina Drake,KA8847792
A3,254,10/8/2024,Elizabeth Brooks,AW5118551
A3,254,10/8/2024,Nicolas Carter,UU3684389
A3,254,10/8/2024,Brian Harvey,QA2140327
A3,254,10/8/2024,Douglas Fuller,KM3319465
A3,254,10/8/2024,Allison Ford,PN4200012
A3,254,10/8/2024,Christopher Griffin,DW7934944
A3,254,10/8/2024,Jason Young,RH4458879
A3,254,10/8/2024,Samuel Wilson,AZ8655669
A3,254,10/8/2024,Melissa Turner,XL7371254
A3,254,10/8/2024,Richard Alvarez,UN8950292
A3,254,10/8/2024,Todd Anderson,OC7097677
A3,254,10/8/2024,Elizabeth Ball,TP3489001
A3,254,10/8/2024,Courtney Brown,PC1174182
A3,254,10/8/2024,Anthony Cruz,EA5219022
A3,254,10/8/2024,Mark Williams,TN9919140
A3,254,10/8/2024,Daisy Boyd,ZS1262839
A3,254,10/8/2024,Melissa Crawford,HS3727022
A3,254,10/8/2024,Steven West,DZ4387731
A3,254,10/8/2024,Ryan Ford,WO9115498
A3,254,10/8/2024,Jennifer Murray,DC8073290
A3,254,10/8/2024,Donald Stevenson,LU7206604
A3,254,10/8/2024,Nicole Mills,FB6928507
A3,254,10/8/2024,Mrs. Susan Stone MD,QN6715604
A3,254,10/8/2024,Steven Scott,WN9206440
A3,254,10/8/2024,Christopher Brown,UB5020879
A3,254,10/8/2024,Mason Williams,TW4668891
A3,254,10/8/2024,Jackson Jones,OB2357274
A3,254,10/8/2024,Robert Rivas,RS7376636
A3,254,10/8/2024,Jessica Hart,KV4787004
A3,254,10/8/2024,Katrina Malone,JY8906599
A3,254,10/8/2024,Casey James,FM1399423
A3,254,10/8/2024,Paul Spence,EM4154718
A3,254,10/8/2024,Kevin Compton MD,JP5589638
A3,254,10/8/2024,Julian Miller,VN8516805
A3,254,10/8/2024,Anthony Vargas,DA7226081
A3,254,10/8/2024,Aaron Taylor,KN4965974
A3,254,10/8/2024,Joseph Carr,KA3430164
A3,254,10/8/2024,Cheryl James,YT1451434
A3,254,10/8/2024,Drew Koch,NJ8764613
A3,254,10/8/2024,Melissa Ramos,WD3321995
A3,254,10/8/2024,Herbert Rose,YF5010127
A3,254,10/8/2024,Matthew Oneal,MN4943025
A3,254,10/8/2024,Andrew Jones,FE3063640
A3,254,10/8/2024,Melissa Wilson,QM7804657
A3,254,10/8/2024,Debra Jackson,NG5161737
A3,254,10/8/2024,Shawna Andrews,BV3414755
A3,254,10/8/2024,Charles Callahan,GX9751888
A3,254,10/8/2024,Carl Young,VG8689557
A3,254,10/8/2024,Mrs. Lynn Garrett DVM,LQ9425297
A3,254,10/8/2024,Rebecca Becker,EH6740717
A3,254,10/8/2024,Jennifer Lewis,VM7027048
A3,254,10/8/2024,Angela Russell,HJ8762122
A3,254,10/8/2024,Sara Coleman,VQ1335274
A3,254,10/8/2024,Emily Barnett MD,DH3192260
A3,254,10/8/2024,Andrew Myers,NN6644400
A3,254,10/8/2024,Christina Rubio,XZ8208723
A3,254,10/8/2024,Stanley Foster,EU9373157
A3,254,10/8/2024,Molly Garrett,CF3911344
A3,254,10/8/2024,Caroline Jones,JD6080039
A3,254,10/8/2024,Diana Smith,LQ9003959
A3,254,10/8/2024,Jeanette Moore,TZ6075190
A3,254,10/8/2024,Michelle Smith,JD6916361
A3,254,10/8/2024,Jeremy Thompson,IZ6503905
A3,254,10/8/2024,Elizabeth Davenport,XB8520869
A3,254,10/8/2024,Laura Nguyen,AQ4995085
A3,254,10/8/2024,Caitlin Cooke,PK4788980
A3,254,10/8/2024,Wendy Salas,WJ5643440
A3,254,10/8/2024,Gail Cardenas,OH9117348
A3,254,10/8/2024,Jason Barrett,TG7637016
A3,254,10/8/2024,Laura Shah,UG7362177
A3,254,10/8/2024,Ricky Roberson,HN5230237
A3,254,10/8/2024,Matthew Suarez,WZ7795713
A3,254,10/8/2024,Brianna Miller,LY2657425
A3,254,10/8/2024,Kelly Hamilton,PK1150017
A3,254,10/8/2024,Max Cruz,FA7383500
A3,254,10/8/2024,Jared Cortez,AA9465833
A3,254,10/8/2024,Kimberly Sparks,KO8304914
A3,254,10/8/2024,Robert Cooper,GR6857149
A3,254,10/8/2024,Monica Ballard,MA2144104
A3,254,10/8/2024,Richard Ramirez,OL7689669
A3,254,10/8/2024,Larry Wilson,OI7786265
A3,254,10/8/2024,Heather Lawson,RQ8657092
A3,254,10/8/2024,Stephen Park DDS,HN3890737
A3,254,10/8/2024,Ariel Morgan,IH4772974
A3,254,10/8/2024,Charles Hinton,LE8314101
A3,254,10/8/2024,Kristin Rivers,UW3304029
A3,254,10/8/2024,Hannah Ramos,FH3149792
A3,254,10/8/2024,Dorothy Blevins,EZ9296060
A3,254,10/8/2024,Judy Ross,XZ4963832
A3,254,10/8/2024,Michaela Serrano,QX5830077
A3,254,10/8/2024,Olivia Norton,MW5689589
A3,254,10/8/2024,Natasha Calderon,CH5676378
A3,254,10/8/2024,Carl Douglas,OS1047733
A3,254,10/8/2024,Debra Johnson,DO5512391
A3,254,10/8/2024,Curtis Johnson,KO9186973
A3,254,10/8/2024,Benjamin Stafford,HJ3019478
A3,254,10/8/2024,Jonathan Sloan,MY5686830
A3,254,10/8/2024,Colleen Lopez,HK7422949
A3,254,10/8/2024,David James,PG5735690
A3,254,10/8/2024,Terry Lynn,AR9943381
A3,254,10/8/2024,Paul Burgess,IW6926375
A3,254,10/8/2024,Matthew Krueger,IX4951698
A3,254,10/8/2024,Dorothy Salinas,JM9582422
A3,254,10/8/2024,Anthony Owen,KA9746729
A3,254,10/8/2024,Vincent Elliott,MV8313124
A3,254,10/8/2024,Emma Nolan,GN8301697
A3,254,10/8/2024,Edwin Peters,BU2318987
A3,254,10/8/2024,Jamie Aguilar,DC5523774
A3,254,10/8/2024,Antonio Palmer,KC4906970
A3,254,10/8/2024,Andrew Casey,XW2624434
A3,254,10/8/2024,Michelle Lynch,YB2388422
A3,254,10/8/2024,Anita Boone,CK5877877
A3,254,10/8/2024,Katherine Obrien,LQ5188751
A3,254,10/8/2024,Barbara Baird,SM1018561
A3,254,10/8/2024,Patrick Butler,LH6524669
A3,254,10/8/2024,Edward Odonnell,AI9884199
A3,254,10/8/2024,Phillip Hubbard,VR8617712
A3,254,10/8/2024,Benjamin Parsons,DM5730985
A3,254,10/8/2024,Scott Holmes,QL9170784
A3,254,10/8/2024,Frances Williams,FF3069337
A3,254,10/8/2024,Mark Garza,QF7022112
A3,254,10/8/2024,Jeremy Arnold,YO7985545
A3,254,10/8/2024,Marcus Baldwin,ZK3278713
A3,254,10/8/2024,Anthony Bond,DH7596715
A3,254,10/8/2024,Jennifer Garrett,PX8081045
A3,254,10/8/2024,Nicole Austin,OP7890516
A3,254,10/8/2024,Elizabeth Hill,AM7662917
A3,254,10/8/2024,Laura Taylor,OO8713893
A3,254,10/8/2024,Teresa Alvarez MD,XM8848187
A3,254,10/8/2024,Kelli Rodriguez,VG5898795
A3,254,10/8/2024,Elizabeth Davis,PS9071901
A3,254,10/8/2024,April Lang,XT1254886
A3,254,10/8/2024,Eric Noble,UK1998044
A3,254,10/8/2024,Sarah Carr,FD3292493
A3,254,10/8/2024,Andres Phillips,SS6010113
A3,254,10/8/2024,Michael Cruz,YF9490712
A3,254,10/8/2024,Andrew Armstrong,FH5703583
A3,254,10/8/2024,Mary Nolan,CJ2905101
A3,254,10/8/2024,Robert Christian,FV3551579
A3,254,10/8/2024,Anthony Allen,IX9883787
A3,254,10/8/2024,Leroy Wilkerson,WF6710411
A3,254,10/8/2024,Stephanie Fisher,BO8343193
A3,254,10/8/2024,Kevin Walker,SJ4735002
A3,254,10/8/2024,Kari Holden,SU6988297
A3,254,10/8/2024,Eileen Winters,LT7720759
A3,254,10/8/2024,Tony Ruiz,WD9131054
A3,254,10/8/2024,Marissa Martin,KM3642603
A3,254,10/8/2024,Arthur Chen,VC4792448
A3,254,10/8/2024,Elizabeth Santana,HI5312817
A3,254,10/8/2024,Sherry Edwards,VX4472752
A3,254,10/8/2024,Angelica Nolan,EZ9351055
A3,254,10/8/2024,Michelle Fox,FD1345185
A3,254,10/8/2024,Nicholas Mueller,ZC8749597
A3,254,10/8/2024,Robert Ward,LE1279394
A3,254,10/8/2024,Ashley Brown,UC2979834
A3,254,10/8/2024,Darryl Scott,NG1948886
A3,254,10/8/2024,Lori Smith,BM2754296
A3,254,10/8/2024,Mallory Martin,HA7086765
A3,254,10/8/2024,Sara Brown,JK8992911
A3,254,10/8/2024,Jill Doyle,OK7199573
A3,254,10/8/2024,Latasha Park,LP3170582
A3,254,10/8/2024,Vincent Gibson,UR5104653
A3,254,10/8/2024,Anthony Faulkner,NQ2689641
A3,254,10/8/2024,Joseph Dickerson,WT3204004
A3,254,10/8/2024,Stacey Summers,QM7260763
A3,254,10/8/2024,Tonya Ramirez,TV6564862
A3,254,10/8/2024,Leslie Buck DDS,JW8597611
A3,254,10/8/2024,Kyle Flores,IB6797652
A3,254,10/8/2024,Joshua Waters,YL3354082
A3,254,10/8/2024,Mason Nicholson,KE4732378
A3,254,10/8/2024,Danielle Byrd,FV6712458
A3,254,10/8/2024,Olivia Miller,TU3315613
A3,254,10/8/2024,Morgan Howell,IY6931432
A3,254,10/8/2024,Robert Solis,OT9643420
A3,254,10/8/2024,Kimberly Torres,WI3010490
A3,254,10/8/2024,Jordan Martin,SN1693128
A3,254,10/8/2024,Randy Clark,NX5729888
A3,254,10/8/2024,Rachael Diaz,BA8550359
A3,254,10/8/2024,Jason Martinez,PJ5037854
A3,254,10/8/2024,Samantha Stanley,HT7994158
A3,254,10/8/2024,Mary Powell,JU3892497
A3,254,10/8/2024,Nicole Kane,FS8545713
A3,254,10/8/2024,Paul Murphy,OL9409866
A3,254,10/8/2024,Thomas Hernandez,UE8065832
A3,254,10/8/2024,Christopher Conley,GP7231697
A3,254,10/8/2024,Kayla Williams,SW7470488
A3,254,10/8/2024,Stephanie Juarez,JJ3711717
A3,254,10/8/2024,Eric Estrada,ES8930259
A3,254,10/8/2024,Jill Wilson,AS9434948
A3,254,10/8/2024,Tiffany Brown,ZJ6742206
A3,254,10/8/2024,Sharon Mckay,BJ8162539
A3,254,10/8/2024,Cameron Roy,DZ5713159
A3,254,10/8/2024,Michael Armstrong,QW3913664
A3,254,10/8/2024,Austin Baker,OM6806749
A3,254,10/8/2024,Heather Barajas,AG6324619
A3,254,10/8/2024,Stephanie Carey,AT4586377
A3,254,10/8/2024,Kimberly May,OK8930023
A3,254,10/8/2024,Erin Andrews,SZ2157788
A3,254,10/8/2024,Randall Mitchell,GG9460180
A3,254,10/8/2024,Kimberly Wolf,AG5807954
A3,254,10/8/2024,Danielle Sullivan,OU8055429
A3,254,10/8/2024,Kimberly James,CD4859805
A3,254,10/8/2024,Megan Miller,CM1171125
A3,254,10/8/2024,Jessica Hubbard,QH5760416
A3,254,10/8/2024,Kelsey Rhodes,BI5851673
A3,254,10/8/2024,Michael Henderson,SJ3605270
A3,254,10/8/2024,Danielle Moore,PX7066181
A4,121,19/6/2024,Russell Bullock,ZL6912375
A4,121,19/6/2024,Aaron Hanson,JL9974700
A4,121,19/6/2024,Brendan Coleman,YK6431171
A4,121,19/6/2024,Susan Foster,ZX4627444
A4,121,19/6/2024,Shane Patterson,VZ7083332
A4,121,19/6/2024,Gary Walters,HO9550462
A4,121,19/6/2024,Jacob Coffey,SJ3625478
A4,121,19/6/2024,Mr. John Delgado,CH4523926
A4,121,19/6/2024,Casey Reynolds,SO7058130
A4,121,19/6/2024,Carlos Carroll,YX1183516
A4,121,19/6/2024,Marcus Rich,LD8190188
A4,121,19/6/2024,Joseph Kelley,IW6276259
A4,121,19/6/2024,William Thomas,UV1426051
A4,121,19/6/2024,Lauren Wagner,GE7942702
A4,121,19/6/2024,Mrs. Kimberly Christensen DDS,QM8550595
A4,121,19/6/2024,Joanne Martinez,GU3611178
A4,121,19/6/2024,Barry Sutton,JW8418950
A4,121,19/6/2024,Charles Davidson,BJ1480436
A4,121,19/6/2024,Karen Andersen,QJ4680844
A4,121,19/6/2024,Madison Trevino,SB6531003
A4,121,19/6/2024,Paul Thompson,YF5532277
A4,121,19/6/2024,Ryan Strong,HF1463415
A4,121,19/6/2024,Dana Howard,UW1520279
A4,121,19/6/2024,Cody Rivera,YB7251285
A4,121,19/6/2024,Don Hernandez,FY9526360
A4,121,19/6/2024,Lori Jones,BF9532209
A4,121,19/6/2024,Deborah Leach,VS3548658
A4,121,19/6/2024,Mike Garrett,NR3755566
A4,121,19/6/2024,Donald Hernandez,JW2795800
A4,121,19/6/2024,Brett West,CI3174257
A4,121,19/6/2024,Jeffrey Sparks,PT5762946
A4,121,19/6/2024,Stephanie Peters,YV3862808
A4,121,19/6/2024,Timothy Elliott,QN3199181
A4,121,19/6/2024,Thomas Lawrence,DK2774082
A4,121,19/6/2024,Jeanette Smith,IA6959116
A4,121,19/6/2024,Kimberly Wong,HF9078603
A4,121,19/6/2024,Briana Jimenez,EF4253713
A4,121,19/6/2024,Joshua Flores,IF1234129
A4,121,19/6/2024,Tiffany Barron,NC8695945
A4,121,19/6/2024,Charles Griffin,ZE2388404
A4,121,19/6/2024,Katelyn Gibson,OU1898085
A4,121,19/6/2024,Calvin Sanchez,QF3467752
A4,121,19/6/2024,Heidi Moore,XG4482091
A4,121,19/6/2024,Maria Bailey,TD2013590
A4,121,19/6/2024,Joshua Lopez,RG3620554
A4,121,19/6/2024,Connie Hutchinson,AA4671604
A4,121,19/6/2024,Erin Salinas,KM1272943
A4,121,19/6/2024,Alyssa Roberts,VV3312924
A4,121,19/6/2024,Robert Watson,WI4915310
A4,121,19/6/2024,Katherine Leonard,FY1530817
A4,121,19/6/2024,Danny Miller,IQ7739587
A4,121,19/6/2024,Stephanie Le,KC1192524
A4,121,19/6/2024,Jason Reynolds,DP6188688
A4,121,19/6/2024,Theresa Wolf,LV3267833
A4,121,19/6/2024,Mrs. Kelly Thomas,UU7258307
A4,121,19/6/2024,David Martinez,BX8549923
A4,121,19/6/2024,Dr. Krista Smith,DB2740521
A4,121,19/6/2024,Melanie Taylor,UI7861112
A4,121,19/6/2024,Stephen Greene,ET2626288
A4,121,19/6/2024,Adam Smith,CW1389798
A4,121,19/6/2024,Elizabeth Simmons,QF6951526
A4,121,19/6/2024,Jason Hughes,EV1925909
A4,121,19/6/2024,Ray Thomas,SJ9616366
A4,121,19/6/2024,Edward Schroeder,VR9680587
A4,121,19/6/2024,John Bauer,UZ3436862
A4,121,19/6/2024,Matthew Lewis,AZ7579546
A4,121,19/6/2024,Christy Duncan,NV5020316
A4,121,19/6/2024,Lori Middleton,YC9197625
A4,121,19/6/2024,Tracy Brewer,EN4869192
A4,121,19/6/2024,Darrell Graves,LG1617772
A4,121,19/6/2024,Samantha Bell,XU9561951
A4,121,19/6/2024,Angela Stephens,IA8034592
A4,121,19/6/2024,Amanda Lynch,WB8592088
A4,121,19/6/2024,Donald Jones,ZW2273706
A4,121,19/6/2024,Eric Scott,AY7424168
A4,121,19/6/2024,Keith Paul DDS,SF6242412
A4,121,19/6/2024,Michael Russell,VN2724931
A4,121,19/6/2024,Michael Fox,LT8307357
A4,121,19/6/2024,Kristen Ray,CK4446260
A4,121,19/6/2024,Desiree Ross,OY6777266
A4,121,19/6/2024,Nicholas Schmitt,CF5455454
A4,121,19/6/2024,Clinton Scott,VH3938419
A4,121,19/6/2024,Tammy Miller,RI2829018
A4,121,19/6/2024,Hannah Campbell,BU2084373
A4,121,19/6/2024,Bryan Aguirre,KB2553485
A4,121,19/6/2024,Kevin Hubbard,BC5661886
A4,121,19/6/2024,Tasha Mendoza,SR6681626
A4,121,19/6/2024,Victoria Richardson,TK5437038
A4,121,19/6/2024,Scott Roberts,NN3508050
A4,121,19/6/2024,Matthew Young,CP2204724
A4,121,19/6/2024,Deanna Mcdaniel,QI7168187
A4,121,19/6/2024,Christopher Collier,XS1390233
A4,121,19/6/2024,David Morales,AK1316282
A4,121,19/6/2024,Amber Gomez,ZX8549989
A4,121,19/6/2024,Jeffery Hill,FS7888859
A5,139,15/1/2024,Paul Sanders,YT7191335
A5,139,15/1/2024,Brenda Tucker,ZG4497510
A5,139,15/1/2024,Shannon Cisneros,FB2558109
A5,139,15/1/2024,Isabel Nunez,KX1316558
A5,139,15/1/2024,Brian Bailey,BK3742211
A5,139,15/1/2024,George Harper,SW3778331
A5,139,15/1/2024,Elijah Harper,KQ9238226
A5,139,15/1/2024,David Smith,FQ2889660
A5,139,15/1/2024,Deborah Contreras,WH6348661
A5,139,15/1/2024,Christopher Barnett,OT7785944
A5,139,15/1/2024,Nicholas Russell,CL7822105
A5,139,15/1/2024,Brittany Davis,KU3753817
A5,139,15/1/2024,Rebecca Ware,ZJ6421682
A5,139,15/1/2024,Henry Hodges,WI9195649
A5,139,15/1/2024,Brandon Johnson,SJ5640691
A5,139,15/1/2024,Jeffrey Ross,JF1655372
A5,139,15/1/2024,Susan Chandler,JP6013979
A5,139,15/1/2024,Dr. Charles Taylor,GI2495205
A5,139,15/1/2024,Adam Parker,HL7019089
A5,139,15/1/2024,Timothy Solomon,OH5980541
A5,139,15/1/2024,Brandon Mitchell,ND4481900
A5,139,15/1/2024,Julia Barnes,XH9686195
A5,139,15/1/2024,Maureen Hancock,TA8755484
A5,139,15/1/2024,Martin Mccoy,FY3477302
A5,139,15/1/2024,Raymond Williams,KQ8532279
A5,139,15/1/2024,Erica Gibson,AM3036669
A5,139,15/1/2024,Thomas Smith,CS7736347
A5,139,15/1/2024,Katie Tate,MK2087489
A5,139,15/1/2024,Mary Cox,TN3677207
A5,139,15/1/2024,Michael Robles,MX9303979
A5,139,15/1/2024,Todd Smith,MZ8656652
A5,139,15/1/2024,Christian Skinner,QD5100918
A5,139,15/1/2024,Danny King,MA2375045
A5,139,15/1/2024,Mark Kelly,OI4064152
A5,139,15/1/2024,Keith Garcia,AB8697659
A5,139,15/1/2024,Crystal Mcdonald,VY8115215
A5,139,15/1/2024,Gregory Farmer,FC4812906
A5,139,15/1/2024,Vincent Patterson,ZH6994553
A5,139,15/1/2024,Debra Bond,AA3252296
A5,139,15/1/2024,Trevor Hodges,HX8061343
A5,139,15/1/2024,Mackenzie Brooks,ZA3593672
A5,139,15/1/2024,Steven Bennett,ZM3082557
A5,139,15/1/2024,Veronica Boyer MD,EI9731210
A5,139,15/1/2024,Kenneth Roberts,YA9700970
A5,139,15/1/2024,Sandra Salazar,XI5608787
A5,139,15/1/2024,Katie Nash,IN8572866
A5,139,15/1/2024,Jerry Carroll,TX8067861
A5,139,15/1/2024,James Smith,VR1870477
A5,139,15/1/2024,Brett White,YV1600990
A5,139,15/1/2024,Andrew Mcclain,CQ5885313
A5,139,15/1/2024,Christopher Callahan,DB7233153
A5,139,15/1/2024,Mary Galvan,QY6745933
A5,139,15/1/2024,Renee Day,DC1885166
A5,139,15/1/2024,Amanda Wood,OC9490111
A5,139,15/1/2024,Travis Kim Jr.,EP9424262
A5,139,15/1/2024,Mark Ward,VD5028473
A5,139,15/1/2024,Sally Wolfe,IH2305521
A5,139,15/1/2024,Teresa Burke,TI7012286
A5,139,15/1/2024,Raven Hooper,GW9499375
A5,139,15/1/2024,Cheryl Sanders,ED9155407
A5,139,15/1/2024,Lisa Long,KX4088808
A5,139,15/1/2024,Emily Harper,LO9652056
A5,139,15/1/2024,Tyler Martin,OF7316069
A5,139,15/1/2024,Andrea Haas,TI9540690
A5,139,15/1/2024,Benjamin Oliver,YD4113736
A5,139,15/1/2024,Kathy Clayton,OD8537466
A5,139,15/1/2024,Brian Cortez,HE4806601
A6,243,26/5/2024,Richard Perry,WL5967899
A6,243,26/5/2024,Thomas Williams,VD9556490
A6,243,26/5/2024,Nancy Parker,BY4097252
A6,243,26/5/2024,Marisa Gray,DJ1728234
A6,243,26/5/2024,Ryan Fox,FM2511552
A6,243,26/5/2024,Cheryl Reese,GX2421278
A6,243,26/5/2024,Michelle Morrison,HK6534207
A6,243,26/5/2024,Sean Willis,JJ7760330
A6,243,26/5/2024,Antonio Williams,UB6536437
A6,243,26/5/2024,Samantha Rubio,JW8915846
A6,243,26/5/2024,Leslie Jackson,IW7410190
A6,243,26/5/2024,Joseph Berry,LV4284104
A6,243,26/5/2024,Sharon Harper,MI1395177
A6,243,26/5/2024,Sandra Henson DDS,HC6307545
A6,243,26/5/2024,Gregory Barnett,OQ1177714
A6,243,26/5/2024,Joseph Francis,MO5574574
A6,243,26/5/2024,Karen Hill DDS,UA5610919
A6,243,26/5/2024,Robert Willis,YT1441504
A6,243,26/5/2024,Patricia Calderon,GQ8573896
A6,243,26/5/2024,Elizabeth Brown,OR9181171
A6,243,26/5/2024,Mrs. Betty Jones,IN1715131
A6,243,26/5/2024,Theresa Butler,JL2019566
A6,243,26/5/2024,Heather Scott,VI5706508
A6,243,26/5/2024,Edwin Farrell,CN3430704
A6,243,26/5/2024,David Wright,BH5475582
A6,243,26/5/2024,Luke Curry,GO4682514
A6,243,26/5/2024,Brittney Gonzalez,WB1152022
A6,243,26/5/2024,Christine Phillips,NO3638151
A6,243,26/5/2024,Jeffrey Weber,IW9729516
A6,243,26/5/2024,Sandra Kelley,CQ9672171
A6,243,26/5/2024,Samantha Parker,BG6842123
A6,243,26/5/2024,Meghan Black,DK2306834
A6,243,26/5/2024,Christian Jenkins Jr.,UI9626431
A6,243,26/5/2024,Charles Patterson,JP2774800
A6,243,26/5/2024,Tracy Stephens,JC8884595
A6,243,26/5/2024,Amanda Figueroa,AX2473530
A6,243,26/5/2024,Anthony Young,FW4216850
A6,243,26/5/2024,Heather Meadows,KE6898066
A6,243,26/5/2024,Brenda Thomas,OS4726339
A6,243,26/5/2024,John Duncan,SD4733412
A6,243,26/5/2024,Sierra Johnson,JH7962383
A6,243,26/5/2024,Lori Smith,EL6988371
A6,243,26/5/2024,Julie Arroyo,FX5558177
A6,243,26/5/2024,Melissa Stevenson,KV3920600
A6,243,26/5/2024,Alicia Mccormick,TN3625637
A6,243,26/5/2024,Stephanie Smith,UY9964002
A6,243,26/5/2024,Alexis Porter,MD8236401
A6,243,26/5/2024,Heather Brown,LG8034263
A6,243,26/5/2024,Bethany Kim,PP5259748
A6,243,26/5/2024,Kara Barnes,QC4602291
A6,243,26/5/2024,David Perez,AL3998695
A6,243,26/5/2024,Alisha Howell,CY4151072
A6,243,26/5/2024,Michelle Mendez,GQ2123260
A6,243,26/5/2024,David Tucker,SF1577533
A6,243,26/5/2024,Adrian Grant,PE6966683
A6,243,26/5/2024,Daniel Webster,FS6516712
A6,243,26/5/2024,Casey Munoz,VV4589776
A6,243,26/5/2024,Jordan Montgomery,PC9983246
A6,243,26/5/2024,Andrea Clark,UE4823847
A6,243,26/5/2024,Chelsey Lewis,AM5834328
A6,243,26/5/2024,Paige Jones,IW3289753
A6,243,26/5/2024,Stacey Harris,XA9062344
A6,243,26/5/2024,Richard Martinez,SL9609618
A6,243,26/5/2024,Allison Taylor,JB8420352
A6,243,26/5/2024,Jacqueline Smith,OO5406266
A6,243,26/5/2024,Adrienne Francis,QI9298067
A6,243,26/5/2024,Ashley Martinez,XV8622412
A6,243,26/5/2024,Anne Smith,VS5613886
A6,243,26/5/2024,Amanda Douglas,MC3654831
A6,243,26/5/2024,Amanda Waters,EK3934526
A6,243,26/5/2024,Stephanie Underwood,UJ9335084
A6,243,26/5/2024,Amanda Dominguez,SK7053066
A6,243,26/5/2024,Kristen Phillips,GC3478858
A6,243,26/5/2024,Jessica Roberts,WQ4848653
A6,243,26/5/2024,Crystal Lopez,WO6186848
A6,243,26/5/2024,Melissa Miller,XW5528727
A6,243,26/5/2024,Mark Mckinney,WS9350464
A6,243,26/5/2024,Amanda Palmer,MA2409570
A6,243,26/5/2024,Charles Terry,LD1656674
A6,243,26/5/2024,Jeff Cruz,PH3724863
A6,243,26/5/2024,Wendy Cooper,IO8766814
A6,243,26/5/2024,Mindy Castro,IA5062989
A6,243,26/5/2024,Ernest Wood,AO7920368
A6,243,26/5/2024,Mr. Charles Olson,BN3778165
A6,243,26/5/2024,Julia Newman,WM8020852
A6,243,26/5/2024,Andrew Norton,XH1280605
A6,243,26/5/2024,Jennifer Bentley,NL1660544
A6,243,26/5/2024,Austin Haynes,XN8681594
A6,243,26/5/2024,Anthony Bryant,YG5367697
A6,243,26/5/2024,Deborah Ryan,AW8656694
A6,243,26/5/2024,Linda Gibson,DD2128479
A6,243,26/5/2024,Richard Ashley,NB4298934
A6,243,26/5/2024,Kristy Munoz,BT9576222
A6,243,26/5/2024,Taylor Horton,OS6736592
A6,243,26/5/2024,Dr. Manuel Gilbert DDS,VC5054682
A6,243,26/5/2024,Benjamin Bailey,ZJ3142182
A6,243,26/5/2024,Leslie Collins,QG1283333
A6,243,26/5/2024,Christopher Turner,KJ1007290
A6,243,26/5/2024,Michele Chavez,DN4030419
A6,243,26/5/2024,Lisa Flores,YI7224587
A6,243,26/5/2024,Stacey Nguyen,JP5286921
A6,243,26/5/2024,Anthony Beasley,BS9942060
A6,243,26/5/2024,Dana Jones,DX4983815
A6,243,26/5/2024,Rodney Williams,UR5209144
A6,243,26/5/2024,Christie Armstrong,UF3336337
A6,243,26/5/2024,Tina Alexander,SK7143423
A6,243,26/5/2024,Vincent Stone,HQ8157574
A6,243,26/5/2024,Rachel Spencer,RQ6320540
A6,243,26/5/2024,Ricardo Miller,GM4268773
A6,243,26/5/2024,Emily Bradley,CV6116889
A6,243,26/5/2024,Craig Thompson,UW3657958
A6,243,26/5/2024,Christopher Houston,KC2744158
A6,243,26/5/2024,Scott Miller,DX5971072
A6,243,26/5/2024,Paul Young,QC2997119
A6,243,26/5/2024,Steven Hernandez,NS4293553
A7,203,17/10/2024,Mr. Anthony Gray,SY9137816
A7,203,17/10/2024,Andrew Oliver,XS2922922
A7,203,17/10/2024,Tammy Cochran,CT2765364
A7,203,17/10/2024,Kelsey Ross,AZ9980069
A7,203,17/10/2024,Melissa Smith,WL3903208
A7,203,17/10/2024,Kyle Adams,RH6165480
A7,203,17/10/2024,April Murphy,LB7165380
A7,203,17/10/2024,Emily Chung,XW3550559
A7,203,17/10/2024,Timothy Gonzalez,YZ8362894
A7,203,17/10/2024,Brian Anderson,WN2679020
A7,203,17/10/2024,Angel Peck,QZ7834800
A7,203,17/10/2024,Sheila Vasquez,XG8728400
A7,203,17/10/2024,Alison Peterson,GN4438714
A7,203,17/10/2024,Tony Fernandez,FI1721581
A7,203,17/10/2024,Terrance Lee,QK4137980
A7,203,17/10/2024,William Watts,QO2336918
A7,203,17/10/2024,David Woodard,AU7433087
A7,203,17/10/2024,Alicia Johnson,JQ1256904
A7,203,17/10/2024,Ivan Burke,QX3810136
A7,203,17/10/2024,Angela Bailey,ZA3694969
A7,203,17/10/2024,Mark Morgan,AY1169496
A7,203,17/10/2024,Heather May,QY6320453
A7,203,17/10/2024,Matthew Townsend,CN8913647
A7,203,17/10/2024,Melissa Jones,QC8994497
A7,203,17/10/2024,Amanda Pugh,SA7050400
A7,203,17/10/2024,Andrew Haynes,IT9381839
A7,203,17/10/2024,Stephen Carrillo,ZI5309627
A7,203,17/10/2024,Melissa Douglas,AL4424253
A7,203,17/10/2024,Crystal Williams,CR8857761
A7,203,17/10/2024,Amber Hensley,EU5787616
A7,203,17/10/2024,Joshua Solis,PE1404929
A7,203,17/10/2024,Heather Terry,PJ1925372
A7,203,17/10/2024,Brandon Munoz,FF7719474
A7,203,17/10/2024,Kristin Jones,VF5334305
A7,203,17/10/2024,Nancy Williams,ZS7616060
A7,203,17/10/2024,Jason Kelly,UE2851296
A7,203,17/10/2024,Hayley Scott,TE7625712
A7,203,17/10/2024,Thomas Garrett,HE6879678
A7,203,17/10/2024,Mark Grimes,RL9888881
A7,203,17/10/2024,Karen Allen,TY5553901
A7,203,17/10/2024,Frances Kelly,GM4419217
A7,203,17/10/2024,Andrew Williams,EA3335749
A7,203,17/10/2024,Kayla Murphy,AG6002116
A7,203,17/10/2024,Molly King,LI7548735
A7,203,17/10/2024,Daniel Wiley,VC2643372
A7,203,17/10/2024,Brian Salazar,BJ6284250
A7,203,17/10/2024,David Harris,HX7693913
A7,203,17/10/2024,Timothy Copeland,NR7275166
A7,203,17/10/2024,Sandra Ryan,KC8565467
A7,203,17/10/2024,Laura Robinson,WF5093649
A7,203,17/10/2024,Rebecca Sharp,HG8127564
A7,203,17/10/2024,Carlos Stewart,HS2639214
A7,203,17/10/2024,Alicia Sloan,VU5252187
A7,203,17/10/2024,Benjamin Cantrell,KJ3746544
A7,203,17/10/2024,Allen Daugherty,SH9376301
A7,203,17/10/2024,Amy Williams,RW8962163
A7,203,17/10/2024,Daniel Martinez,VD3366067
A7,203,17/10/2024,Kevin Little,AH7996055
A7,203,17/10/2024,Anthony Perez,XV9083554
A7,203,17/10/2024,Victoria Brown,EO2661600
A7,203,17/10/2024,Jesse Douglas MD,ZG4083671
A7,203,17/10/2024,Michael Wilkerson,VV2731434
A7,203,17/10/2024,Mark Flowers,ZW4337390
A7,203,17/10/2024,Megan Coleman,VI3310320
A7,203,17/10/2024,Gregory Hardin,BS3778651
A7,203,17/10/2024,Samuel Gentry,EY6087234
A7,203,17/10/2024,Charles Williams,ML2902427
A7,203,17/10/2024,Michelle Mitchell,UY4386737
A7,203,17/10/2024,Austin Contreras,KJ5028767
A7,203,17/10/2024,Nicole Vega,YY9070194
A7,203,17/10/2024,Amy Caldwell,HE2519928
A7,203,17/10/2024,Matthew Hudson,AE8717197
A7,203,17/10/2024,Heidi Miller,FM7908984
A7,203,17/10/2024,Adam Carson,BJ5714771
A7,203,17/10/2024,Janice Mann,HF3420537
A7,203,17/10/2024,Rachel Beasley,CI5636387
A7,203,17/10/2024,Sean Martin,LC7900433
A7,203,17/10/2024,Russell Callahan,EW4757951
A7,203,17/10/2024,Mr. David Holloway,WH7070734
A7,203,17/10/2024,William Beck,ZE8145101
A7,203,17/10/2024,Mr. Jeffrey Brandt,JO2957837
A7,203,17/10/2024,Amanda Ferguson,AE7158317
A7,203,17/10/2024,Vincent Gordon,VY4873261
A7,203,17/10/2024,Joshua Webb,IC3202044
A7,203,17/10/2024,Kristin Mitchell,OZ6957344
A7,203,17/10/2024,Scott Ward,OQ7683719
A7,203,17/10/2024,Sarah Franklin,LE8658992
A7,203,17/10/2024,James Flowers,HO1612728
A7,203,17/10/2024,Stacey Gardner,JY8813697
A7,203,17/10/2024,Ms. Alexis Cooper DVM,YP4205575
A7,203,17/10/2024,Monica Hess,ZM9721452
A7,203,17/10/2024,Leslie Roth,TU9738954
A7,203,17/10/2024,Christina Stone,GG3061955
A7,203,17/10/2024,Joshua Gutierrez,FB5032866
A7,203,17/10/2024,Caleb Horton,RY9356730
A7,203,17/10/2024,Linda Smith,NI6314534
A7,203,17/10/2024,Daniel Parker,UW8867302
A7,203,17/10/2024,Jordan Nelson,OX2469530
A7,203,17/10/2024,Kevin Barton,PX8147952
A7,203,17/10/2024,Albert Harrell,EO2019329
A7,203,17/10/2024,Zachary Mccall,NK3933122
A7,203,17/10/2024,Marie Jimenez,LB3224747
A7,203,17/10/2024,Faith Schwartz,HW8794648
A7,203,17/10/2024,Allison Moore,LU8484663
A7,203,17/10/2024,Audrey Bass,JK1218008
A7,203,17/10/2024,Jeffrey Evans,LP9555204
A7,203,17/10/2024,Brenda Hartman,CV1622931
A8,240,1/3/2024,Kathy Lucas,MB3027194
A8,240,1/3/2024,William King,RO8693473
A8,240,1/3/2024,Kathleen Lamb,QN8493399
A8,240,1/3/2024,Sarah Rodriguez,FK4321146
A8,240,1/3/2024,Mary Salas,YN3961452
A8,240,1/3/2024,Alejandro Johnson,TQ2488825
A8,240,1/3/2024,Joe Shaffer,BZ8151289
A8,240,1/3/2024,John Knight,QH5091098
A8,240,1/3/2024,Michelle Singh,QK5281945
A8,240,1/3/2024,Bryan Thomas,HL4243184
A8,240,1/3/2024,Sally Wagner,VK1482619
A8,240,1/3/2024,Juan Garcia,GC1164052
A8,240,1/3/2024,Barbara Thomas,PP4596962
A8,240,1/3/2024,Carol Richardson,YF8891116
A8,240,1/3/2024,Michael Chang,BX9329574
A8,240,1/3/2024,Amber Foster,DW2758581
A8,240,1/3/2024,April Brown,IR7244486
A8,240,1/3/2024,Mr. Travis Warren,ZP6185526
A8,240,1/3/2024,Scott Maxwell,RC9088904
A8,240,1/3/2024,Linda Mayer,PZ2685744
A8,240,1/3/2024,Sarah Moore,OZ3622009
A8,240,1/3/2024,Ann Simon MD,ZA3359811
A8,240,1/3/2024,Kaylee Morgan,KD7663215
A8,240,1/3/2024,Nancy George,BF9199199
A8,240,1/3/2024,Matthew Hall,SC1521431
A8,240,1/3/2024,Mary Rojas,LM3334001
A8,240,1/3/2024,Timothy Baker,HH5733862
A8,240,1/3/2024,Raymond Graham,JC2069310
A8,240,1/3/2024,Reginald Phillips,UZ8785412
A8,240,1/3/2024,Michael Stone,JC1149781
A8,240,1/3/2024,Susan Forbes,PU2639766
A8,240,1/3/2024,Stephanie Sparks,FS2420341
A8,240,1/3/2024,Brian Young,HC4605958
A8,240,1/3/2024,Dr. Lindsey Brown,GO6055036
A8,240,1/3/2024,Nicholas Stevens,VA3907570
A8,240,1/3/2024,Tammy Martin,SJ7152466
A8,240,1/3/2024,Sara Nash,VK7231127
A8,240,1/3/2024,Kelly Vaughan,EI1698196
A8,240,1/3/2024,Michael Roberson,TM1546542
A8,240,1/3/2024,Rebecca Smith,MP7998960
A8,240,1/3/2024,Amber White,TE4407550
A8,240,1/3/2024,Paul Valenzuela,JT7027192
A8,240,1/3/2024,Keith Mitchell,CN6420625
A8,240,1/3/2024,Ashley Reynolds,RY4913721
A8,240,1/3/2024,Jason Walker,AJ6207461
A8,240,1/3/2024,Angel Anderson,UU2999928
A8,240,1/3/2024,Billy Dawson,UY3272868
A8,240,1/3/2024,Deanna Fisher,RG5141718
A8,240,1/3/2024,Kyle Dixon,PE6078925
A8,240,1/3/2024,Rebecca Gamble,VG5860790
A8,240,1/3/2024,Mackenzie Mayo,PW5841491
A8,240,1/3/2024,Roger Fields,CS9850973
A8,240,1/3/2024,Steven Dillon,LL1702593
A8,240,1/3/2024,Russell Powers,UL1840680
A8,240,1/3/2024,Donna Ritter,TI8456918
A8,240,1/3/2024,Luis Lee,DO4425540
A8,240,1/3/2024,Sarah Mejia,OQ7829450
A8,240,1/3/2024,Denise Hudson,FI7353369
A8,240,1/3/2024,Michael Davila,DD7808528
A8,240,1/3/2024,Laura Phillips,RF9448934
A8,240,1/3/2024,Ashley Poole,VB2003919
A8,240,1/3/2024,Linda Barker,LQ4704361
A8,240,1/3/2024,Sarah Taylor,NX7649376
A8,240,1/3/2024,Jeremiah Lee,NY7702829
A8,240,1/3/2024,Joshua Young,VD7432826
A8,240,1/3/2024,Andrew Wade,EA4987839
A8,240,1/3/2024,Deborah Rasmussen,LZ5473398
A8,240,1/3/2024,Stephanie Holt,CB6962056
A8,240,1/3/2024,Cathy Clark,AC9276408
A8,240,1/3/2024,Kimberly Moore,VY5805004
A8,240,1/3/2024,Andre Glass DVM,YB3259710
A8,240,1/3/2024,Joseph Morris,AU9322504
A8,240,1/3/2024,Steven Garcia,LY7447635
A8,240,1/3/2024,Tammy Leon,IX1234279
A8,240,1/3/2024,Mario Delgado,ZT5086958
A8,240,1/3/2024,Stephanie Fields,RH8774680
A8,240,1/3/2024,Christopher Ayala,CL4760194
A8,240,1/3/2024,Deborah Thomas,EB4775291
A8,240,1/3/2024,Patrick Brown,XO3094603
A8,240,1/3/2024,Christina Smith PhD,WU3828559
A8,240,1/3/2024,Natalie Hines,VF4511340
A8,240,1/3/2024,Matthew Harrison,MK1763046
A8,240,1/3/2024,Angelica Smith,ZS9139005
A8,240,1/3/2024,Susan Smith,HW9015473
A8,240,1/3/2024,Toni Harding,AZ4390074
A8,240,1/3/2024,Samantha Mckee,ET3829112
A8,240,1/3/2024,Amber Thomas,CD2067593
A8,240,1/3/2024,Regina Meyer,QE4062121
A8,240,1/3/2024,Elijah Murray,NJ6905548
A8,240,1/3/2024,Mary Perez,XW9197745
A8,240,1/3/2024,Miguel Gill,XU1036838
A8,240,1/3/2024,Robert Franco,NG8110010
A8,240,1/3/2024,Deanna Brown,UN4291122
A8,240,1/3/2024,Justin Hale,LG6647359
A8,240,1/3/2024,Veronica Parker,KC8748930
A8,240,1/3/2024,Kari Thompson,TA6220140
A8,240,1/3/2024,Jenny Carlson,VK3804107
A8,240,1/3/2024,Cathy Contreras,FY7651827
A8,240,1/3/2024,Nathaniel Hanson,YG9260431
A8,240,1/3/2024,Dylan Thomas,OA9292832
A8,240,1/3/2024,Michelle Miller,OZ5925500
A8,240,1/3/2024,Lisa Smith,FQ2025890
A8,240,1/3/2024,Anthony Rocha,MB3069676
A8,240,1/3/2024,Eric Krause,RS2151763
A8,240,1/3/2024,Alexander Coffey,BH5086184
A8,240,1/3/2024,Michael Johnson,DQ3570982
A8,240,1/3/2024,Andrea Hernandez,HV9246262
A8,240,1/3/2024,Douglas Carter,ES5252080
A8,240,1/3/2024,Jonathan Medina,KK5131757
A8,240,1/3/2024,Debra Schaefer,TO3566690
A8,240,1/3/2024,Bryan Hunt,DX3729370
A8,240,1/3/2024,Angelica Ruiz,MW5958028
A8,240,1/3/2024,Tammy Schmidt,DR1802437
A8,240,1/3/2024,Matthew Hudson,KN7871511
A8,240,1/3/2024,Shane Townsend,KL5395357
A8,240,1/3/2024,Tanner Hinton,XC1662099
A8,240,1/3/2024,Lisa Rivera,SH1663757
A8,240,1/3/2024,Brandon Hill,QT7395017
A8,240,1/3/2024,Michael Lopez,XW5414329
A8,240,1/3/2024,Michael Lambert,TE8510446
A8,240,1/3/2024,Sharon Hill,FM9593080
A8,240,1/3/2024,Austin Parker,NV4997187
A8,240,1/3/2024,Eric Caldwell,KG5997715
A8,240,1/3/2024,Logan Duran,QS9072541
A8,240,1/3/2024,Ashley Jones,FN3598002
A8,240,1/3/2024,Terry Lopez,PK4453026
A8,240,1/3/2024,Sylvia Stephens,VL4610977
A8,240,1/3/2024,Scott Brown,PY4248124
A8,240,1/3/2024,Sarah Owens,AM4480271
A8,240,1/3/2024,Benjamin Adams,LY2796911
A8,240,1/3/2024,Tina Wells MD,IR7097739
A8,240,1/3/2024,Henry Alexander,XR8466616
A8,240,1/3/2024,Matthew Skinner,XS7731668
A8,240,1/3/2024,Tracey Keith,OL4163229
A8,240,1/3/2024,Nathan Marquez,VW6233947
A8,240,1/3/2024,Christopher Miles,ZV1827973
A8,240,1/3/2024,Cheryl Smith,ME3706142
A8,240,1/3/2024,Carrie Ramirez,IJ3625282
A8,240,1/3/2024,Nicholas Winters,VO2969768
A8,240,1/3/2024,Dana Beck,SQ4272997
A8,240,1/3/2024,Jose Martin,FV5637193
A8,240,1/3/2024,Stephen Hill,GL2161890
A8,240,1/3/2024,Morgan Lee,SY3471865
A8,240,1/3/2024,Linda Baker,QM9434100
A8,240,1/3/2024,Dakota Murray,FV7985652
A8,240,1/3/2024,Alexandra Kelly,FM4463711
A8,240,1/3/2024,Jessica Ryan,WI9897778
A8,240,1/3/2024,Emily Richardson,HX1216069
A8,240,1/3/2024,Jason Flores,AG7637183
A8,240,1/3/2024,Lauren Cortez,BC3076135
A8,240,1/3/2024,Joshua Spencer,BT5283868
A8,240,1/3/2024,Lindsay Alvarado,VX7909966
A8,240,1/3/2024,Kristina Fleming,IA5275719
A8,240,1/3/2024,Adam Rogers,HK1751766
A8,240,1/3/2024,Jennifer Wallace,CB7514260
A8,240,1/3/2024,Nicole Lambert,NZ8288635
A8,240,1/3/2024,Noah Thornton,GO9132870
A8,240,1/3/2024,Mrs. Rachel Hall,TC8012777
A8,240,1/3/2024,James Walker,SD6872026
A8,240,1/3/2024,Damon Thompson,TK1721325
A8,240,1/3/2024,James Garcia,YS7833657
A8,240,1/3/2024,Trevor Lloyd,OR1153702
A8,240,1/3/2024,Jennifer Harris,QU1578747
A8,240,1/3/2024,Jennifer Reed,JS3581934
A8,240,1/3/2024,Pamela Wise,VY7844464
A8,240,1/3/2024,James Perez,HD6350362
A8,240,1/3/2024,Andrew Thomas MD,QX4127070
A8,240,1/3/2024,Joseph White,EW9949086
A8,240,1/3/2024,Tiffany Rhodes,YU9543159
A8,240,1/3/2024,Amanda Payne,HB6769641
A8,240,1/3/2024,Matthew Mckee,ZI2042384
A8,240,1/3/2024,Benjamin Herrera,FD4989352
A8,240,1/3/2024,Kayla Bradford,SS6126614
A8,240,1/3/2024,Darlene Adams,FT3332778
A8,240,1/3/2024,Jason Camacho,UV7294007
A8,240,1/3/2024,Patricia Smith,FQ7561777
A8,240,1/3/2024,Glenn Hoover,JE5593846
A8,240,1/3/2024,Jessica Cruz,PU1317964
A8,240,1/3/2024,James Wilkerson,OD6195989
A8,240,1/3/2024,Joshua Bowers,XH4761810
A8,240,1/3/2024,Sean Russell,OE2550449
A8,240,1/3/2024,James Conway,NZ2352956
A8,240,1/3/2024,Louis Hodges,LE4456218
A8,240,1/3/2024,David Norman,VQ7308610
A8,240,1/3/2024,Shane Stewart,EW1449207
A8,240,1/3/2024,Olivia Olson,SD6534473
A8,240,1/3/2024,Michael Morse,AU1082470
A8,240,1/3/2024,Charles Jordan MD,KO9743971
A8,240,1/3/2024,Mark Yang,AG5180813
A8,240,1/3/2024,Brandi Francis,EE4050733
A8,240,1/3/2024,Stephen Burgess,SQ8101509
A8,240,1/3/2024,Katherine Vincent,UA9112452
A8,240,1/3/2024,Molly Morrow,TR1644784
A8,240,1/3/2024,Samantha Mccarty,PY1678494
A8,240,1/3/2024,Rhonda Morris,CP3747498
A8,240,1/3/2024,Travis Krueger,ST1976916
A8,240,1/3/2024,Morgan Thomas,CQ8920280
A8,240,1/3/2024,Melissa Hall,FK8032097
A8,240,1/3/2024,Teresa Holmes,KS1187017
A8,240,1/3/2024,Jordan Boyer PhD,BX1983862
A8,240,1/3/2024,Mark Maxwell,ZE3687708
A8,240,1/3/2024,Leonard Murillo,NL5673014
A8,240,1/3/2024,Matthew Reyes,ZQ5337114
A8,240,1/3/2024,Evan Chavez,MJ1557391
A8,240,1/3/2024,Micheal Harris,JF3543994
A8,240,1/3/2024,Justin Vaughn,MF2930793
A8,240,1/3/2024,Anthony Gordon,ZD2869600
A8,240,1/3/2024,Anna Oneal,DR2312846
A8,240,1/3/2024,Cynthia Lawrence,DO7251591
A8,240,1/3/2024,Stacy Mann,GB1855768
A8,240,1/3/2024,Kimberly Sullivan,CG9704561
A8,240,1/3/2024,Lauren Haynes,RJ6512718
A8,240,1/3/2024,Amanda Owen,XJ6922143
A8,240,1/3/2024,Matthew Daugherty,TB9701614
A8,240,1/3/2024,Robert Wu,OA3720491
A8,240,1/3/2024,Michael Anderson,JT6677799
A8,240,1/3/2024,Karen Martin,RT6257241
A8,240,1/3/2024,Tracy Nguyen,IU1846541
A8,240,1/3/2024,Michael Frye,WY9065178
A8,240,1/3/2024,Ryan Buckley,PL5931120
A8,240,1/3/2024,Kevin Barrera,WB1838873
A8,240,1/3/2024,Jessica Smith,EC1340075
A8,240,1/3/2024,Richard Ray,FE2476252
A8,240,1/3/2024,Maria Bush,YW2679131
A8,240,1/3/2024,Robert Savage,ED6260833
A8,240,1/3/2024,Julia Palmer,EH7517829
A8,240,1/3/2024,Robert Olson,VX2754364
A9,237,30/5/2024,Christopher Buchanan,GP5083512
A9,237,30/5/2024,Margaret Robinson,IP3678057
A9,237,30/5/2024,Patrick Kelly,UD3070182
A9,237,30/5/2024,Carl Chandler,VB2994550
A9,237,30/5/2024,Darlene Cortez,BH7227368
A9,237,30/5/2024,Laura Reyes,HD1647673
A9,237,30/5/2024,Justin Martin,XS4818561
A9,237,30/5/2024,Troy Boone,XZ1946468
A9,237,30/5/2024,Deborah Huerta,UY2429811
A9,237,30/5/2024,Melinda Goodman,LM3888674
A9,237,30/5/2024,Jamie Bradley,WH4610134
A9,237,30/5/2024,Kristy Maxwell,PJ7052795
A9,237,30/5/2024,Kayla Ortiz,HV4246833
A9,237,30/5/2024,Leah Mcclain,FB9287615
A9,237,30/5/2024,Stanley Mathews,YK6774570
A9,237,30/5/2024,Stephanie Conner,MK7267543
A9,237,30/5/2024,Eric Reeves,QS2480231
A9,237,30/5/2024,Brittany Orozco,EF4161313
A9,237,30/5/2024,Steven Mayo,EY1457870
A9,237,30/5/2024,Erica Mora,DX5963240
A9,237,30/5/2024,James White,UA7380278
A9,237,30/5/2024,Nathan Bates,RA8511214
A9,237,30/5/2024,Sarah Bartlett,PX7940112
A9,237,30/5/2024,Paul Dougherty,UZ1695597
A9,237,30/5/2024,Melissa Valdez,HC9487909
A9,237,30/5/2024,Dr. Timothy Taylor,OJ8834492
A9,237,30/5/2024,Miss Carol Stokes,IK7821015
A9,237,30/5/2024,Connor Moore,KD9568569
A9,237,30/5/2024,Anthony Edwards,YQ1736223
A9,237,30/5/2024,Robert Frazier,WF4465491
A9,237,30/5/2024,Dawn Green,BL4163137
A9,237,30/5/2024,Joshua Hill,IN4089747
A9,237,30/5/2024,Benjamin Lester,YJ8588888
A9,237,30/5/2024,Wyatt Munoz,RV2827842
A9,237,30/5/2024,Renee Woods,TS9919419
A9,237,30/5/2024,Joan Stephens,AO5074152
A9,237,30/5/2024,Joseph Diaz,LX6944434
A9,237,30/5/2024,Andrew Bennett,CT6687440
A9,237,30/5/2024,Kimberly James,XQ6418061
A9,237,30/5/2024,Wayne Melton,WX9971705
A9,237,30/5/2024,Amy Mills,OS8893955
A9,237,30/5/2024,Jeremy Barry,HE4977599
A9,237,30/5/2024,Christopher Galvan,BK5069072
A9,237,30/5/2024,Christina Kennedy,WA6000090
A9,237,30/5/2024,Holly Richardson DVM,QF2999992
A9,237,30/5/2024,Michael Mccullough,ES8656721
A9,237,30/5/2024,Samuel Ballard,VV5089465
A9,237,30/5/2024,Ashley Hoover,LW7306210
A9,237,30/5/2024,Benjamin Anthony,FO4878964
A9,237,30/5/2024,Tony Schmidt,BS8831003
A9,237,30/5/2024,Maria Parker,EA4042345
A9,237,30/5/2024,Tamara Ramsey,HV1941837
A9,237,30/5/2024,Stacey Harmon,OF2259421
A9,237,30/5/2024,Nicole Davidson,BT2476895
A9,237,30/5/2024,Jade Lara,EK2942071
A9,237,30/5/2024,Javier Camacho,WK2165697
A9,237,30/5/2024,Daniel Marks,BD8021541
A9,237,30/5/2024,Mark Barrett,KD9534562
A9,237,30/5/2024,Steven Pratt,YH1969482
A9,237,30/5/2024,Elizabeth Turner,AX9549224
A9,237,30/5/2024,Dr. Jason Townsend,OE5644336
A9,237,30/5/2024,Shelia Ruiz,RG8290019
A9,237,30/5/2024,Elizabeth Wilson,JH2107696
A9,237,30/5/2024,Jason Jensen,AA5584337
A9,237,30/5/2024,Laura Smith,TM6973573
A9,237,30/5/2024,Raven Sherman,IQ7697748
A9,237,30/5/2024,Bradley Marks Jr.,CZ6700818
A9,237,30/5/2024,Kathleen Morgan,EG9087058
A9,237,30/5/2024,Mitchell Anderson,KL6151002
A9,237,30/5/2024,Joshua Chang,RO9469925
A9,237,30/5/2024,Kathy Nielsen,HS5738378
A9,237,30/5/2024,Amanda Barnes,MX2094989
A9,237,30/5/2024,Reginald Vargas,EJ7164132
A9,237,30/5/2024,Charles White,TX7531579
A9,237,30/5/2024,Sarah Marshall,VL5775447
A9,237,30/5/2024,Christopher Serrano MD,"RM1,631,332"
A9,237,30/5/2024,Angela Montes,SL1174579
A9,237,30/5/2024,Joel Mitchell,UV4390379
A9,237,30/5/2024,Carolyn Lopez,HN7252453
A9,237,30/5/2024,Robert Collins,TA1737248
A9,237,30/5/2024,Bobby Cooper,HQ8994768
A9,237,30/5/2024,Sheila Fox,CT8907951
A9,237,30/5/2024,Rhonda Wiggins,TD4460251
A9,237,30/5/2024,Debra Adams,BR2516223
A9,237,30/5/2024,Doris Nunez,GP4324247
A9,237,30/5/2024,Dr. Nicholas Lamb,GN4594960
A9,237,30/5/2024,Nicole Barnett,WT3716554
A9,237,30/5/2024,Tonya Ortiz,FX3124736
A9,237,30/5/2024,Michael White,DH4646165
A9,237,30/5/2024,John White,KK4736597
A9,237,30/5/2024,Danielle Moyer,WA3823604
A9,237,30/5/2024,Kent Ramirez,PS4871362
A9,237,30/5/2024,Kimberly Ramsey,YZ8446920
A9,237,30/5/2024,Donald Davis,ZV7389538
A9,237,30/5/2024,Keith Ramirez,JV2872282
A9,237,30/5/2024,Vanessa Webb,RU5280933
A9,237,30/5/2024,April Simpson,AK8444549
A9,237,30/5/2024,Jacqueline Cannon,BU9557012
A9,237,30/5/2024,Michelle Robles,GX1173357
A9,237,30/5/2024,Gavin Andrews,RJ7886404
A9,237,30/5/2024,Olivia Martinez,NP2453791
A9,237,30/5/2024,Cameron Martin,YQ8133698
A9,237,30/5/2024,Terri Carr,MW6985315
A9,237,30/5/2024,Erin Baker,KC7461088
A9,237,30/5/2024,Pamela Gregory,HS1092400
A9,237,30/5/2024,Christian Davis,NZ4537280
A9,237,30/5/2024,Bruce Casey,DK7792041
A9,237,30/5/2024,Christopher Singh,BG6419847
A9,237,30/5/2024,Andrea Fitzgerald,HL1032309
A9,237,30/5/2024,Harold Ryan,XL8410315
A9,237,30/5/2024,Brittany Peterson,AM4176238
A9,237,30/5/2024,Kayla Farmer,YR3294170
A9,237,30/5/2024,Daniel Fernandez,YG9069063
A9,237,30/5/2024,Jerry Ellis,ZP6132171
A9,237,30/5/2024,Misty Mccormick,JE4680479
A9,237,30/5/2024,Michael Marsh,LU2391990
A9,237,30/5/2024,Justin Gomez,EX4173009
A9,237,30/5/2024,Timothy Murray,QL7325755
A9,237,30/5/2024,Zachary Williams,OD3306304
A9,237,30/5/2024,Sara Bean DVM,ZO7589221
A9,237,30/5/2024,Matthew Fitzgerald,DG4104927
A9,237,30/5/2024,Lindsey Smith,OH9246990
A9,237,30/5/2024,Maria Keller,KY3078166
A9,237,30/5/2024,Diana Morris,YD2096135
A9,237,30/5/2024,Rebecca Stewart,RQ5539312
A9,237,30/5/2024,Anthony Harris,ZO6574175
A9,237,30/5/2024,Ashley Wilson,EP4827818
A9,237,30/5/2024,Elizabeth Hines,PP2567412
A9,237,30/5/2024,Drew Leonard,JW5168118
A9,237,30/5/2024,Dennis Hall,AE5028643
A9,237,30/5/2024,Samuel Hicks,ML9063866
A9,237,30/5/2024,Andrea Deleon,IQ9238375
A9,237,30/5/2024,Joe Smith,QZ6897726
A9,237,30/5/2024,Ryan Everett,UE6232525
A9,237,30/5/2024,Kim French,BH1884799
A9,237,30/5/2024,Peter Williams,FO7220391
A9,237,30/5/2024,Sarah Cook,WO9421883
A9,237,30/5/2024,Rhonda Morris,FX4562618
A9,237,30/5/2024,Dalton Smith,VP5976896
A9,237,30/5/2024,Cynthia Pollard,BG7595809
A9,237,30/5/2024,Michelle Schmidt,YS6203539
A9,237,30/5/2024,Lisa Dunn,TD2050633
A9,237,30/5/2024,Dr. Laurie Simpson MD,TR8698521
A9,237,30/5/2024,Alan Flowers,ZY5197372
A9,237,30/5/2024,Taylor Warner,WN4945836
A9,237,30/5/2024,Andrew Phillips,EA1996149
A9,237,30/5/2024,Lisa Tanner,ZS7705138
A9,237,30/5/2024,Matthew Chavez,KG9179184
A9,237,30/5/2024,Lori Miller,IN3556935
A9,237,30/5/2024,Ms. Lauren Smith,NP1599598
A9,237,30/5/2024,Kelly Washington,GE4135969
A9,237,30/5/2024,Katherine Bennett,SM8787351
A9,237,30/5/2024,David Wong,FE4873354
A9,237,30/5/2024,Richard Yang,UI3994839
A9,237,30/5/2024,Steven Johnson,XW2980625
A9,237,30/5/2024,Vincent Mcdaniel,SM6867919
A9,237,30/5/2024,Peter Moore,GZ3060998
A9,237,30/5/2024,Barbara Anderson,BI7504169
A9,237,30/5/2024,Dr. Anthony Anderson,GL9657435
A9,237,30/5/2024,Mary Reid,JX8369168
A9,237,30/5/2024,Christopher Hamilton,WJ1166627
A9,237,30/5/2024,Mark Lewis,SD3756089
A9,237,30/5/2024,Paul Mcdowell,TO6809577
A9,237,30/5/2024,Tiffany Matthews,NA8063816
A9,237,30/5/2024,Julie Michael,TB8250447
A9,237,30/5/2024,Timothy Phillips,YG6846249
A9,237,30/5/2024,John Cook,GX2370312
A9,237,30/5/2024,John Phelps,UG6380392
A9,237,30/5/2024,Connie Villanueva,BO9032965
A10,256,16/4/2024,Sara Wright,EC5734143
A10,256,16/4/2024,Carol Lewis,FJ4234019
A10,256,16/4/2024,Michael Cervantes,FS2291421
A10,256,16/4/2024,Carl Smith,AR8122035
A10,256,16/4/2024,Tyrone Scott,CD1260264
A10,256,16/4/2024,Lisa Bailey,WI7342716
A10,256,16/4/2024,Dalton Lozano,SG8470984
A10,256,16/4/2024,Tyler Craig,RJ6417876
A10,256,16/4/2024,Donna Burke,JA2422591
A10,256,16/4/2024,David Wilson,SJ6834909
A10,256,16/4/2024,Linda Taylor,CQ7506499
A10,256,16/4/2024,Megan Rose,TO2256760
A10,256,16/4/2024,Beverly Hodges,QJ6183958
A10,256,16/4/2024,Sierra Morrow,GM1724518
A10,256,16/4/2024,Kenneth Leonard,EJ1299217
A10,256,16/4/2024,Yolanda Foster,TU2349239
A10,256,16/4/2024,Jonathan Aguirre,XM6138540
A10,256,16/4/2024,James Smith,DG9639608
A10,256,16/4/2024,James Jenkins,QX5336666
A10,256,16/4/2024,Matthew Vaughn,TM2741116
A10,256,16/4/2024,Luke Nicholson,YY3874677
A10,256,16/4/2024,Erin Graham,EA6888655
A10,256,16/4/2024,Anthony Short,SR4818113
A10,256,16/4/2024,Andrew Elliott,EQ6129868
A10,256,16/4/2024,Sherri Taylor,PG5931256
A10,256,16/4/2024,Erin Andrade,UM1436048
A10,256,16/4/2024,Scott Robinson,YG4205950
A10,256,16/4/2024,Candice Austin,YL8243644
A10,256,16/4/2024,Nancy Perry,IR9844187
A10,256,16/4/2024,Nicholas Valdez,NB9230269
A10,256,16/4/2024,Jane Vasquez,TC6035768
A10,256,16/4/2024,Clifford Cunningham,OI8494751
A10,256,16/4/2024,Jeffrey Fischer,ZO8852321
A10,256,16/4/2024,Dylan Gay MD,SM7576119
A10,256,16/4/2024,Kevin Mills,RU9384954
A10,256,16/4/2024,Hannah Holmes,IH3441207
A10,256,16/4/2024,Thomas Phillips,NP7832563
A10,256,16/4/2024,Joshua Williams,XQ6222722
A10,256,16/4/2024,Christopher Ramos,BC3278372
A10,256,16/4/2024,Amber Anderson,OK7172901
A10,256,16/4/2024,Michael Garcia,NI6253488
A10,256,16/4/2024,James Colon,MK3452981
A10,256,16/4/2024,Michael Gonzalez,XH4688012
A10,256,16/4/2024,Brandon Bell,TJ4420561
A10,256,16/4/2024,Renee Perez,YJ9317899
A10,256,16/4/2024,Charles Cain,FW8775941
A10,256,16/4/2024,Judy Brown,HD2986948
A10,256,16/4/2024,Sean Brooks,DM8844077
A10,256,16/4/2024,Ricardo Salinas,GO9591970
A10,256,16/4/2024,Anthony Morris,GE3813711
A10,256,16/4/2024,Katherine Moore,EC5018982
A10,256,16/4/2024,Jonathan Miller,KX2250594
A10,256,16/4/2024,Holly Murphy,LH5118565
A10,256,16/4/2024,Randall Diaz,KN6811651
A10,256,16/4/2024,Jessica Lee,CJ8574306
A10,256,16/4/2024,Rebecca Jones,XJ1693283
A10,256,16/4/2024,Patrick Saunders,ZE2030161
A10,256,16/4/2024,Kenneth Rivera,CZ7637238
A10,256,16/4/2024,Alexandra Sanders,HM7465227
A10,256,16/4/2024,Tyler Cook,CC3398344
A10,256,16/4/2024,Mr. Joshua Brooks,SF5449350
A10,256,16/4/2024,Jeanne Paul,KL5993338
A10,256,16/4/2024,Theresa West,JO3670074
A10,256,16/4/2024,Emily Davis,PG3057040
A10,256,16/4/2024,Mark Roman,QC8605162
A10,256,16/4/2024,Michael Stuart,AG6741222
A10,256,16/4/2024,Willie Levy,MC7749520
A10,256,16/4/2024,Christine Hartman,YL1331428
A10,256,16/4/2024,Whitney Weaver,TA6503452
A10,256,16/4/2024,Daniel Knapp,MN6190441
A10,256,16/4/2024,Margaret Mejia,BD5185306
A10,256,16/4/2024,Joshua James,KH2383630
